lr,scenario,bias,ate_estimate,mse_loss,train_loss,mean_population_ate
0.01,1,1.0417356191391738,-1.5256815261061418,1.6121754646422815e-06,0.010062439446337522,-2.567417145245315
0.01,2,1.0414593163908206,-0.35731322861266085,1.633533170717144e-06,0.010114678810350598,-1.3987725450034814
0.01,3,0.9576433254015849,-0.4411292196018966,1.8500376761739144e-06,0.009728247462771834,-1.3987725450034814
0.01,4,0.9708886227380569,-1.5954464299616944,3.842788566242925e-06,0.011720741362269246,-2.566335052699751
0.01,5,1.045989212568027,-1.5214279326772884,2.151770364067185e-06,0.010044753020629286,-2.567417145245315
0.01,6,0.41602077989520814,-2.1513963653501076,1.660891909501829e-06,0.009671181824523955,-2.567417145245315
