scenario,bias,ate_pred_mean,mse_outcome,tmle_loss,train_loss,treatment_loss,mean_ate,mse_ate,nreps
1,0.02701452327649645,-2.535983292586834,0.002225512513070989,0.0007210783926711883,0.045824603168293836,0.04437806939706206,-2.562997815863331,0.36619770881041785,200
2,0.059297415218529326,-1.3365149027220269,0.002335729790698108,0.0007622236882161814,0.04650432373397052,0.04497620685957372,-1.3958123179405564,0.3608054811834578,200
3,0.6502545289876176,-0.7455577889529387,0.0021114085850623067,0.0006796399946324527,0.03060503085143864,0.0292453673761338,-1.3958123179405564,0.6485320992391661,200
4,-0.49428341223378147,-3.063504887996442,0.0033996219535518623,0.0009112508725957014,0.03544929784722626,0.03362501319497824,-2.56922147576266,0.7735609219571232,200
5,0.23662499732797143,-2.3263728185353596,0.003435188868283768,0.0009158822047174908,0.04652481910772622,0.04468991628848016,-2.562997815863331,0.433477973484246,200
6,0.23967580833041813,-2.3233220075329126,0.0035380892275377342,0.001370398267172277,0.04692482674494386,0.04418203031644225,-2.562997815863331,0.13372928854714317,200
ihdp,0.05292152904872323,4.64634580941705,0.29104057213343926,0.0978682561730966,0.630568018257618,0.43482177421450613,4.593424280368327,0.014854475173153475,200
