scenario,bias,ate_pred_mean,mse_outcome,train_loss,treatment_loss,treg_loss,mean_ate,mse_ate,nreps
1,-0.36308325752043996,-2.9260810733837705,0.002330805410238388,0.04463783310726285,0.04311818542890251,0.0007597393827745691,-2.562997815863331,0.49303384964338326,200
2,-0.37805328430523566,-1.773865602245792,0.0024657176408047917,0.04500108040869236,0.04338377525098622,0.0008085763077542652,-1.3958123179405564,0.4922225720526167,200
3,0.259023761284156,-1.1367885566564002,0.0021662946526520756,0.030200781878083945,0.028805324034765364,0.0006977152515901253,-1.3958123179405564,0.28928776406596457,200
4,-0.9952925003727442,-3.5645139761354043,0.0035102410429935227,0.034849499696865675,0.03296375795267523,0.0009429193753749132,-2.56922147576266,1.5384518473394369,200
5,-0.19589355920190057,-2.758891375065231,0.003560911931660911,0.04533352804370225,0.04342776615172625,0.0009528325567953288,-2.562997815863331,0.4130154238058107,200
6,0.06018707104118825,-2.5028107448221424,0.0035729458368413563,0.04638657659292221,0.04361485561355948,0.0013858257344691082,-2.562997815863331,0.08436092536563161,200
ihdp,0.07336729767401856,4.6667915780423455,0.29097028044706597,0.6308204847574234,0.43495614871382715,0.0979221554659307,4.593424280368327,0.021491460621625606,200
